Modelo,acc,F1-score
Bayes_BOW_comment_text,0.8413333333333334,0.8896103896103895
