Modelo,acc,F1-score
Bayes_BOW_stemm_comments,0.8426666666666667,0.8896164639850328
